Sentence,Label
jännä psykoosi väkivalta läheinen oire suru tähti kiinnostunut kokemus,Itsemurha ja Ahdistus
heinrich haudattu Helsinki kulosaari hautausmaa saari kappeli poika vuotiaana kuoltu haudattu hautausmaa käydä saari huomata pienehkö kokoinen vanha mies kunnioittaa muistella heinrich isä poika sana rakas läheinen arjutanttina heinrich sota päällikkö isä poika läheinen heinrich luonne lempi,-1
laaja tiivis tietopaketti,-1
seuraava sellainen parka peli,-1
miksei viha tube viha psykoterapia kiusata näkyä pelko mulle semmosia mainos tykätä vihapuhe,Viha ja Maahanmuutto
oho tost yhest kommentist pitkä,-1
jjahnu joshua puhua pelastus taivas valtakunta päästä Jeesus opettaa kulminoitua loppu pelastus,-1
seuraava fakta lempi bändi musiikki yhtye musikki genre,-1
nykymaailma pitää kriisitila osata erottaa rentoutuminen erilainen termi tarkoitus toipuminen osata erottaa uskonta vaikutus stressihäiriö apua kulttuuri osattava burnout erottaa,Stressi ja Burnout
hieno kämppä onni koti,-1
mulla Unelma auto vuosimalli dodge challenger srt hellcat sit japsi auto olis kiva farmarimalli Mersu,-1
tällainen kohdella Irak rikollinen rintamakarkuri,-1
mun suosikki salaliittoteoria,-1
esiintyvä piilovieste löytää koordinaatti viitata valkoinen talo,-1
haluais kettu lemmikiks,-1
jaksaa odottaa päästä lauantai juhlima laittaa tyyny jääkaappi,-1
soulsurfer hiljentänyt alkoholi juonti viimeaikoina antabuksen,-1
tiettävästi ilmetä samankaltainen tapa keskenään,-1
ikinä pystyis mennä uida meri miettiä jalka leviathan,-1
tiennyt sull tyttöystävä vaimo,-1
musta Harry Potter pitäs lista,-1
mäkipelto äijä munkki nimi,-1
työ ton kognitiivinen netti maailma pulnauraa ääneenlaan epäselvä sivu,-1
kallis peli psykoottinen gta sairaala häiriö lääke skitsofrenia mieli,Mielenterveys ja Psykoosi
alkuperäinen raamattu kirjoitus Jehova nimi tetragramia,-1
Vatikaani Maa löytyä maailma iso uskonnollinen rakennus illuminati confirmet,-1
tosi ukrainalainen bv tuhonnu ton ennätys tuhota Venäläinen panssarivaunu km etäisyys,-1
terveisia serbia Belgrad,-1
muutekii täs ikä enemmä tykätä kauhu täyteinen joulu taika omainen lapsi joulu,-1
näkijä muistelma v valopallo laskeutua Maa irtoutui erillinen pallo pyöriä iso pallo ympärillä koskettava Maa pallo imeytyivvät iso pallo sisä valo hävitä taivas,-1
mun ystävä enään hokea maailmanloppu uni kontrolloida hypätä juna,-1
George walker Bush,-1
jengi keskittyä kortti painaa mieli taikuri johdatella edesauttaa,-1
area ois kiinnostava,-1
mukava kuu mun ääni tuollanen fiilis,-1
trumpi päästä USA n presidentti,-1
purkku kara kesti etsiä tieto,-1
viisaus kyetä nauttia elää ilo päähenkilö millainen multimiljardööri julkkis raha Maa näkyä tekevä onnellinen käytäntö onneton elää ruoka seura luonto kauneus inspiroitua käsi jälki iloita kestävä onni tavoittelu tarvita määrä enempi aito onnellinen,-1
tunne mieli user exksqcx tunne vertailukelpoinen psykoosi hakea terapia ulkomaa taistelukokemus naurettaavaa mielenterveysongelma tommonen vähättely,Mielenterveys ja Terapia
ois kova homma,-1
mhhmm tyypän kyl ut uhtää tuu mieli,-1
podcast mahdollinen tulo vieras historioitsija historiantutkija hienostaa lähtenyt podcast käynti hienoja vieras,-1
skitsofreenikko diagnosoitu Arto Lauri löytää,-1
tosi siisti tuut rehellinen rohkea kerto aihe,-1
tiiä Kemi metsä fibren tehas nii tarkastaa vartioitu kevättalvi hajin rekka yhen kuukulkija meikältä kysytty näkösiä henkkareita tm,-1
uskoa jonku lahko Amerikka mee lääkäri Jumala parantaa lääkäri tappaa sua Anna raha Anna raha meet helvetti musta surma olis tappanut,-1
Juha jossitella perustaa YK ww n seuraus eteenpäin kehittyä oleellinen pointti tossa mun kommentti musta surma maailmansota syy Eurooppa asema maailmanmarkkina politiikka kulttuuri jne heiketä jenkki Eurooppa turha jossittelu Varma mainittu Eurooppa määrittää maailmanmarkkina talous politiikka yhdysvalta,-1
jes wuhuu mahtava fiilis ku lahti vaarallinen kaupunki oompa ylpee kotikaupunki,-1
presidentti Kyösti kallio talvisota itsenäisyyspäivä lukema rukous väitetty teksti osoittautunut presidentti rukous kiertänyt kristillinen piiri vapaa suunta aitous epäilty epäily osoittautunut aiheellinen kallio osuus paikka,-1
vidgrenit arvopaperi lehti listaus idea,-1
tykätä mun videoformaatti aihe vaihdella fiilis innostua,-1
tehä seuraavaks suomi rikkaimista lapsi,-1
hmm k kaupunki asukas,-1
huume ostaa katsoja käyttäjä joined chat alkoholi raha murha,Huumeet ja Rikollisuus
millon paska istuja tappaja,-1
vastaava numeroinen psykoosi itsemurha suru puhelinnumero kunhan kokea miettiä ihminen psykoosi,Itsemurha ja Ahdistus
mikasammallahti tarkoittaa ministeri tunne Lintilä lausahdus sota energia fyysinen sota Venäjä mielenterveys kokea ukraina kokea lapsi ongelma,Sukupuoli ja Parisuhde
pelottava numero sarja,-1
vaikkei veromarkka maksaa,-1
ruumis nosto puhe löytää,-1
pinkki rapu kenkä smuuthieta,-1
epäillä fakta vahva,-1
dragonin älykkyys johtua sielunsyöjä ääliö ruokkia toivoa saada jumalalli tieto p todellinen tuli parasiitti,-1
vertailu luu kyseinen stoorin maailma käännös Google löytänyt erilainen käännös lukenut vertailtu,-1
siin neuvonta kuunnella kuunnella neuvonta ryhmäterapia vikas lukea hitto psykoterapia siisti,Terapeutti ja Neuvonta
yo minecraft boiiiiis,-1
harhaluulo siin raidallinen lapsi sairastaa diagnoosi paniikki perhe kuva picatsu,Skitsofrenia ja Harhaluulot
WWW YouTube com watch v hyadqzw e perspektiivi,-1
läppä ny oisin voinu odottaakkaan maaginen aloitus ikinä lopettaa,-1
merenalainen joki subnautica flashback,-1
Päivä nähdä alkaa syöttää yksilö vapaus valita toivottava jatkossakki keskeinen yhteiskunta arvo,-1
keskustelu orja ee ois yksinäisyys mitenkää väkivalta voinu rakentaa pyramidi ois voinu yksinäisyys nostaa semmoset ongelma tonni keskustelu painoset kivi,Mielenterveys ja Sosiaalinen Eristäytyminen
seksi liittyä jääny kysyä vissiinki,-1
asunut Australia nahnyt kaarmetta,-1
paa paa paa juttu kuula paa paa paa juttu tokka,-1
uskoa illuminatiin illuminati salaliitto teoria,-1
Eeva Liisa Manner kutsuttu juhlima innostua tieten kiva,-1
avustuskeräys häikäilemätön kieltää kohde ymmärrettävä uskoa kerätty raha kerätä osa löysä raha kelvata päästä käsi ihmetellä mennä Venäjä asevarusteluu,-1
käsikirjoitus alkuperäissäilyvyys masennus outo argumentti alkuperäinen lääkäri addiktio kirjoitus antiikki teksti antiikki kirjoitus kannabis kannabis kirjattu hoito evankeliumi,Masennus ja Hoito
viikinki pohjalainen mytologia,-1
tykätä sun kanavasta jaksaa ilahduttaa,-1
vieosta jäädä kompastuinjeesuksen sääli rakkaus sääli tuntua siunulle sanoittaa sääli sääli nekatiivinen rakkaus osotus valhe,-1
öö mulla poikaystävä poika,-1
pelottava helppo tuoda näyttää kohta uskoa onni suomi ylen maikkarin uutinen tarkistaa hieno,-1
meijän perhe sellanen erikoinen salaisuus yks veljes sellasia kummallinen YouTube,-1
eiks oo kiva vetää sokerihumala ku kuolla oo vaarallinen,-1
suomi Maa Eurooppa rajoittamaton poliittinen lakko yleissitovuus verrokkimaa hallitus toimia tehty Maa n ay liike muistaa äänestetty vallata ay liike saanut firma siirtymä toiminta edellytys,-1
miettiä olis samanlainen kyttyrä selkä karhu,-1
digi id järjestelmä kiinnostaa fasessa äsken kinkin kuultu luotettava uutis sivuilta Yle pikainen googlaamalla löytänyt tieto salaliittoteoria tosi suomi yhtenä kokeilumaa,-1
ihmeellinen fakta ufo alieneista,-1
huolia uiguuri tila uutinen Geoffrey cain saada selvä uutisoida saada jatko tärkeä aihe jok unohdettu,-1
vihapuhe pelko vihapuhe lempi top maahanmuuttaja auto vihapuhe ihminen n,Viha ja Maahanmuutto
laittaa sulle ig viestiä,-1
huumori yks ite käyttää huomata heittävä itseironia jne heittivan humoristinen sävy alkanut miettiä ompa typerä käydä,-1
kunto tarina duo,-1
nainen moka mun mieli mieli pitää koru vesiliukumäki,-1
mainos mi sä,-1
jäädä miettiä mennä työtunti tekis h kk kuukausi h pv h pv,-1
poisonvy harhaluuloisuushäiriö ohimenevä vakava Yle psykoottinen ihminen ajatella kuunnella esim puhelin välitys Google esim huawei kiina Ruotsi,-1
itekkin saanut rokote oo tän korona sairastanut flunssa ihmetellä,-1
katto videoo skippailematta odottaa Ylöjärvi sitte Ylöjärvi paikka,-1
uskoa area löytyä mailman rakenettu suojattu piilotettu bunkkeri mailmanloppua,-1
daltonin veljes olis mukava nähdä aikakausi legenda,-1
tarvita keskilinja ainut linja,-1
mukava palata täysi virrata ääääks hirveä hirviyö tarjoilla ennentietämätöntäkin,-1
järkevä mies mitää tauti kyl haluu,-1
tosi siisti mielenkiintoinen aivopesu käytettävä henkinen kontrolli taktiikka k malli k englanti b e model malli pyrkiä tunnistaa kultti lahko syssyyn sopia,-1
mää ilta kuunnella musiikki Rauha nappi korva nii kuulla jtn puhe olis mun katto näkyä ääni kuulu musiikkista ku kuunnella jtn englanin kieli musiikki nii ihankun mies olis sanonnu sä pelästyä sika nukkua mun voinu puhua uni,-1
häyhällä kyky ampua venäläisii,-1
luja profeetallinen sana ottaa vaari niinkuin pimeä paikka loistapa lamppu kunnes Päivä valjeta kointähti koittaa sydän tietää raamattu profetia ken neuvo selitettävä,-1
persut rulaa mamut vittu,-1
ydinpommi tsar bomba warheadit,-1
kommunismi oo tappanu diktaattori,-1
hauska kuu kiva oot alkanu seura mun sisältö,-1
olis mielenkiintoinen kuu vastapuoli jenkkiien Nato vastaava toiminta miks huseeraava taho toiminta,-1
oisko pilkkiä kisa,-1
ihminen voima kasvaa sisukkuus metsä hoitaa selviytyjä,-1
ronnyrudeboy väittää kannabis pitkäaikais käyttää seuraus MM passiivisoituminen kauheen paljo agressiivisuutta mieli meinata,-1
rakentaa paha finstream,-1
spiritualisti hengellinen pakana tarkka häiritä länsimainen tieteellinen maailmankuva omaava pyrkimys kyseenalaistaa kieltää uskomus johdonmukaisuus totuudenperäisyys oikeellisuus tukea ymmärtää näkemys spiritismi spiritualismi neuvonta tausta helppo tunnistettava psykologinen ilmiö hoito mieli johdattaa uskomus esim ihminen halu tuntea apua elämä käsi kieltää puoltaa minkäänlainen jumaolennon henkimaailma olemassaolo harmittaa skeptikko halu narauttaa hengellinen ihminen irrationaalinen ajattelu oppia ymmärtää todellisuus perimmäinen luonne rationaalinen ajattelu johdonmukaisuus jatkuva kyseenalaistaa mieli ponneton uskoa ihminen käsityskyky hurja ymmärtää hoito nähdä selittää ihminen kieli myytti apua,Terapeutti ja Neuvonta
mieli Sokrates esimerkki antiikki hahmo olo suunta saheissa kannin Jeesus lähde käsi keskenään ristiriitainen lähde käsikirjoitus myöhäinen pitää todennäköinen taitaa tutkija enemmistö pitää Sokrates historiallinen hahmo elämä tietää,-1
mun pitänyt aihe,-1
Elvis oo kuallu elää,-1
pelastaa ykkönen paniikkikohtaus psykoosi ihminen kakkonen arvata outoo angry bird pelastaa psykoosi ollu,Psykoosi ja Pelkotilat
hieno mielenkiintoinen katsottava,-1
pelästyä eläin näyttävä menettävä tajunta kana juopunut kukko possu ahdistelema vaahteramäki Eemeli koto,-1
ahaa malaysia airline flight kadota,-1
sun arvokas poke kortti,-1
pointti rakkausun alku lama liittyä tärkeä seikka Hitler natsi valtaannousu saksa pelkästään maailmansota tappio Versailles häpeärauha ajanut saksa natsismi tie tarvita lama Hitler valtaannousuyritys päättyä nolo rakkausulla,-1
kiusata viha robotti viha maahanmuuttaja psykoterapia vallata maailma viha,Viha ja Maahanmuutto
edit vanha oo peli ku nii mieli,-1
rakkaus tunne Jeesus luultava rakkaus Peru kulttijohtaja löytyä ihminen Päivä nykyaika kulttijohtaja väittää tie tuomita vapahtaja jumala Jeesus kulttioppi jäänyt elää,Henkisyys ja Uskonto
sä selittää Venäjä hyökkäys kompuroinut,-1
demo lordi ilkeä digimonit hallita kuolemansynti,-1
sun mahtava katsottava,-1
eikkam vittu hyötyä Ruotsi osa ymmärtää englanti puhua ruotsalainen mumheille välttää englanti osata huhhuh,-1
tukea keskustelu maailma rikas keskustelu adhd keskustelu ihminen keskustelu,Mielenterveys ja Sosiaalinen Eristäytyminen
ziko official blogi varoitus sisältö totuus mukaisuus,-1
jaksaa katsoa paussi,-1
jes oot tehny fakta maailma mennä avaruus,-1
kyl oikeesti uskoa,-1
ottanu vakuutus pitää sitte lähteä oikeus räjäyttää mieli korvausvaatimus,-1
syy miks suomi pitäs liittyä mun mieli mahdoton Venäjä hyökkäys suomi,-1
johtua pilvi poltostaki,-1
päästä pystyä kävellä Ruotsi meri Maa nousta,-1
kokenut pari sekan ajo juosta karku pahiksia yhestä ohjelma mun läheinen tie pitkin paniikki katsoa tota nurmikko siin real live,-1
taka koulunpenkki opetella e e,-1
theghost ee jonkinlainen mysteeri onks olento tosi uskoa ajatus puhuis asuis järvi meri,-1
tietotekniikka hakkeri yritys ihminen menestystarina elo muskin kaltainen huipputarina Nokia Björn Wahlroos tarina menestyä bisnes malala nimi,-1
mahtaa tarkoittaa kirjoittaa samanlainen hahmo löytyä vedenpaisumustarina esiintyä gilgames teos,-1
tuas jalka jutus mun aivo ku meniki vipu,-1
toimia alku kiina kapitalistinen ratsastaa kommunismi nimi väittää,-1
ehdoton tossa star war kuvattu star warsit haluta käydä,-1
tuoda koira juttu surullinen raukka luulla pystyvä hypätä todellisuus tippua c viedä koira tietää käymä korjata silta tippua,-1
Maria kolesnikova kommentoida nimi lukashenko Supo kommentti poistanut,-1
täss veri virrannut,-1
naali kaunis eläin kettu mahtava,-1
vajaa viiskymppinen tatuoitu budhalainen punkkari,-1
ami mulle sun kommenttis paska hailee ateisti uskoa mut valhe eksyvä sit mulle,-1
aitee kana poddusta,-1
imsavage oo ainut,-1
uskoa katto tuhlata kommentoima,-1
äänestää sensuroitu kirja,-1
mies tuomita totuus jättää tunne isä ihminen äiti liittyä vaimo totuus tukea liha,Henkisyys ja Uskonto
kikkihiiri alienien olemassaolo väite erota enkeli olo väite miksei alieneita näkyä selitys miksei enkeli näkyä henkiolento normaali fyysinen ulkomuoto määrä esiintyä alienien pitää henkiä pitää näkyvä ruumis usko alieneihin perustua usko muinaisuusessa nähnyt,-1
hermionejeangranger tajuta aattelin jatkaa vitsi pitkä xd,-1
musaan erityinen tyytyväinen löysä,-1
aivo mandela efekti,-1
naputtaa kommentti saada korjata havaita virhe epätarkkuus oppia kirjoittaja alkanut,-1
kauhea juttu vanha pakottaa lapsi uskoma joulupukki vauvvasta,-1
sulta jaksanu katto loppu tieten huono,-1
tekaheitimen maininnut korvata mainitsema krh sija,-1
nukku Matti herätä,-1
tuotantotiimi aikamatkustaja selitetty,-1
donkey kong brother löysä kyl mytologia katto animee mieli mytologi kiinnostava sattua kiinnostuma mytologia aihe aihe tutkinut japanilainen mytologi mieli kiinnostava endotin japanilainen mytologia liittyä mun proffakuva nimi,-1
dplayn dokkarin tekijä hylky tutkinut ruotsalainen norjalainen kiinnostanut aihe pitkä muistaa Estonia upota ala aste,-1
Päivä pakinamainen kärjistys kantasuomalainen elämä onpi kannabis maistanut päättää jäänyt kiinni rikollinen jengiytynyt jengi milkyllänan ihminen jengi armeija tarjoama koulutus rikollinen leimaus pelkästään keuhko tervaus rikollinen leimattu somalinuori alunperä järjestäytynyt mennä savuke pitää valita rikollinen elämä köyhä yhteiskunta syrjäytyä tuntea armo potilas kohta saada ryhtymä laki rikkoja pyörätuoli ihminen kipu hyj fan yhteiskunta Ruotsi äkkiä poi kieltolaki tie suomi,-1
haitata leijua ilma paha tippua,-1
pitäiskö sun alotuksista huolestua,-1
sun kiva katto yrittää nukahtaa nii sä puhua tosi rauhallinen,-1
mahtava katto sulta tilauksee,-1
rakkausie koitin hieno,-1
jep kommentti helppo mieli tsemppiä psykologi saatava,-1
peljätä hämähäkki sellasia lelu,-1
pelottava tälläistä toiminta suomi tietää lukenut Raija Pelli kirjoittaa kirja kyseinen aihe,-1
nuclear holocaustin mulla oo hätä falloutit tarkata pelattu,-1
peljätä vakava sairas toivottava peljätä,-1
mielenkiintoinen jakso vastaavanlainen poliittinen aihe mielenkiintoinen kuunnella henkilöidä puolue,-1
mulla Nokia liila puhella kohta toimia,-1
ollu pako huone kauheeta,-1
empatia häirintä sä persoonallisuushäiriö tajuta vuotias tunne lapsi julkisuus persoonallisuushäiriö,Julkisuus ja Empatia
ikäinen saada ryhtyä,-1
maailma loppu uskoa Jeesus hakkee meijät po Tuuli pillviin uskoa Jeesus palluuu lissää maailma loppu,-1
pappa Pohjanmaa v testamentata ruumis lääketiede opiskelija mahtaa sattuma suomi harvinainen haudattu,-1
yllättyä sillon siel suomalainen työ,-1
mulla kissa mulla koira,-1
kirjoittaja tehnyt tarina esiintyä wikidot sivu canon tarina osio djkaktus scp osa tarina liittyä tarina scp universumi,-1
työ kantaväestö välttää,-1
kilipelaaja maaginen numero,-1
Oskari perhe paniikki harha perhe sairastaa toivoa nostaa perhe,Skitsofrenia ja Harhaluulot
nähtävä ah rakas vekotin koti leopard taistelupanssarivaunu iskeä murtaa,-1
tuomasoskari saada rakkausat perustaa keskuspankki ainut oikeus maailmas painaa raha paperinen vastaus maailma raha Valta jengi kuulla valmis vaa,-1
mielenkiintoinen psykoosi syy saada jatko osa aihe ääretön kokemus kokemus mielenkiintoinen oire aihe ahdistus,Itsemurha ja Ahdistus
kämppä löydettävä ihminen kalja,-1
kannabis lailliseks syy kannabis puolittumis pitkä tössyttelet nii oo Päivä n mieli terävä miettiä kirurgi polttaa lauantai kannabis sit pitäs mennä maanantai tekeen vaikee operaatio tössytelly kannabis nii reaktioaika paljo hidas nii operaatio epäonnistumisriski kasvaa kannabis lailliseks,-1
sun kiehtovii uudestaan,-1
k hitto odottaa spessua,-1
taikausko luulis uskonta,-1
miks ihminen skitsofrenia sä lapsi laittaa tän ihminen kommentti keskustelu skitsofrenia,Trauma ja Skitsofrenia
oih ihmeellinen fakta mun lemppari avaruus yks maailma kiinnostava aihe aah,-1
jesseaffiliate tosi nykyinen liikkua väärä tieto syy tietosanakirja fakta fakta vanheta kulua historia tieto sota vaihe Ranska vallankumous vuosirakkausut yms pitää paikka muuttua saatto vanheneva tieto erä,-1
pää peto dd,-1
tärkeä pointti p tajuta äsken ettii sun instan seurata,-1
tauti mielenkiintoisa sattuma oikeesti luonto tappaa karsi väestö seuraava tällainen katastrofi,-1
selittämätön mysteeriääni selittää p,-1
harmillinen suomi oo löytynyt merirosvo viikinki ryöstämä jalokiviaarre dinosaurus fossiili upea esine löytyny päin maailma,-1
yks ukkeli tubekanava opettaa sulle ku suomi peruskoulujärjestelmä,-1
mun pitää itsemurha mennä syy kokemus itsemurha huilata mut piristy ku katto ihminen ihminen,Itsemurha ja Ahdistus
suomi saari kpl,-1
kipu hoito lievitys lääkkeellinen keino lääke tarpeellinen opioidit pilannut laillinen reseptilääke maailma elää,-1
sää suomi uupumus stressitaso toipuminen luonto stressi resilienssi uupumus huumaus Aini,Stressi ja Burnout
good Venäjä munsta paha uhka,-1
mun mieli lyhyt kerrottu tuoda sankari,-1
James Kosunen onni etukäsi hieno ikä,-1
pressaa noki aikaheinen vitsi,-1
suomalainen itkeä kylmä sauna luoti kylki,-1
vaikuttaa tosi kiehtova homma muutaku metallinpaljastin käyttö,-1
koulu maitopäviä maito allerginen kiva kärsiä vkoa mahakipu,-1
jee videoo oot para,-1
mk fdvy nonii kiva tykätä rwbyn apathy tosi idea lle iso vaikuttaja nuoruus vanha apatia käsittelevä novelli,-1
hollantilainen epäillä para kanava nähny oot para,-1
osa uskaltaa uskoa helvetti olemassaolo,-1
hetki konsolipelinen puuttua housemarquen returnal xboxille Alan wake puuttua lista supercellin peli clash roayle ajaa clas clancyn kova noste everdale,-1
siirtää päin taka kohta nään pääkallo palkyllä,-1
Ilpo Alan sarja vois jatkaa,-1
vanha panssarivaunu ajaja ero puhua nimi osata vaunumiehistö tehtävänimike kompetenssi kommentoida aihe heikko,-1
nähny semmosen nuoli sammakko suo,-1
keskustelu kanta kokea uskoa tukea kokea sun höpinä uskoa aivo löytyä parisuhde,Sukupuoli ja Parisuhde
Kanada iso Maa vallata kirves Kanada Nato Maa yhdysvalta puolustaa,-1
mulla sormus pudota ottama sormi kuula kilinä Jonne pudota löytänyt laaja lattiatila löytänyt,-1
Hari mata Hari Janne Hurme,-1
opetelein stereogrammi pitää kuva tausta iso laitto sormi c päästä silmä keskittää katse tovi tuijottaa sormi ottaa poi silmä asento hahmottaa stereogrammi,-1
Kalifornia ihminen kandassa,-1
ainut syy taistelu talus tukea Ihantala kuoltu sota kebraali Einar tukea ihminen vihma kokea väkivalta,Itsemurha ja Ahdistus
taitaa toistaa puhdas priima chef caccavelli hyväksyä,-1
uskova saatana aivo joukkopsyko,-1
mun mieli tosi mielenkiintoinen aihe tyyppi mulle osa tuttu,-1
narsistisuus mieli yks pöllö juttu muistaa jonkulaanen lyhyt sarjakuva pöllö kuva pöllö kuva maailma para pöllö pöllö kuulostaa musta narsistinen tuoda pöllö tarkottaa tolla muutaki omantunto kohotus huono itsetunto välttää oo narsistinen mut sellasen mielikuva saada,-1
alue asua köyhä ihminen miljardööri nostaa keskiarvo milkyllänilla sun mieli kertoa,-1
Ruotsi älytön jälki suomi puolustusvoima fakta kunto puolustusvoima,-1
netti pyöriä mäkipelto yllyttää ihminen ottaa kokeellinen koronapiikki sittemmin epäillä ennätyksellinen ylikuolleisuusluku aiheuttaja,-1
kannabis lääkäri kuunnella potilas vertaistuki ulkomaalainen musiikki masennus hoitaja,Masennus ja Hoito
mut sun auttaa lohduttaa,-1
ai niinku rentoutuminen kriisitila itsehoito sun rentoutuminen resilienssi profiilikuva rentoutuminen,Stressi ja Burnout
uu tukea pistää tuomita totuus suomi tuben väkivalta parka sisältöö ihminen tunne,Henkisyys ja Uskonto
syy läheinen ahdistus jea itsemurha ilmotuksi syy mahtava oire,Itsemurha ja Ahdistus
aavelaiva aave kiva nähdä sopiva etäisyys päästä totuus Taru ihmeellinen,-1
syntynyt yliopisto opiskelija,-1
aihe sota syttyä paikka turvallinen suomi ihminen välttää tietää Maa mennä sota syttyä,-1
maya kalenteri loppua paniikki kuolla vuotiaana,-1
oikeesti like kattaa Google mapsista noi juttu,-1
ruukku vaasi ois nähny jossai,-1
polku kyy mutka hievahtaa muttei Varma elää taata säpsähtää polku ylittää kyy Varma yksilö todnäk mua huomannut varma mun Onni,-1
kuunnella ylen radio sotilas asiantuntijahaastattelu Päivi kieltää mahdollisuus Venäjä käyttää ydinase yksinkertainen tietää,-1
mielenkiintoinen aihe toivoa osata,-1
löysä duolingon netti opetella kieli ilmainen etsiä sellainen kieli keksitty kieli klingoni päntännyt hauska nauraa ittelleni lausua päin mänty äänne kieli Venäjä suomi navajo kiina Ruotsi jne,-1
kuva ladata videoida teko ladata tubettamisen kimuranttisempaa kaikenlainen hakkerointi,-1
Ranska kuuluu Nato,-1
sä kertoa Charles dickensin romaaninen saituri joulu lisännyt tapa pyytää sun ekalla joulu legenda,-1
Israel asuttaa määrä arabimaa häädetty juutalaisiapakolaisiaomaan Maa lähtenyt arabi Maa tapahtua tasasuuruinen väestönvaihto samanlainen väestönvaihto tapahtunut turkki bulgaria turkki kreikka Intia Pakistan tapaus vaadittu yksipuolinen paluuoikeus,-1
nykyään merkki ulkopuolinen elää uskoa uskoa ihminenn YM ainutkertainen universumi uskoa löytyä,-1
micah jättää ostaa hävittäjä myydä kalusto poi saada raha tuhlattava turha päiväseen,-1
omenasoosi psykoosi tukea terapia muuki tunne mielenterveysongelma puolustaa tunne sukupuoleton muunsukupuolinen,Mielenterveys ja Terapia
tapaus keksinyt looginen selitty paljo miettinyt ilta asunto isä iltapala äiti käydä avata ikkuna katsella hetki ikkuna maisema sisko viereinen huone leikkiä äiti vessa vessa ihmetellä ikkuna sulkenut ikkuna kiinni pistetty säppi verho vedetty isä liikkunut keittiö ikkuna säppi raskas sisko jaksanut liikuttaa keksinyt looginen selitty teoria saada heittää,-1
kuula isoilta poika kylä mäkipelto lahko,-1
sua nähnyt sun piristää Päivä huono,-1
käynyt huippuvuori pyramiden kaupunki jäätävä pelottava tunnelma,-1
hoito väli addiktio hoito arpoa merchia kannabis vertaistuki onnellisuus,Masennus ja Hoito
Mark zuckerberg kyl robotti itteään pystyä suojella,-1
mieli kaveri selittää viljaympyrä löytyä seleeni maaperä osannut todiste testi mekaniikka outo maajussi tietää seleeni tunkea lannoite saada seleeni ihminen ravinto,-1
kunpa putler kuolis,-1
mielenkiintoinen aihe kärsinyt unettomuus pitkä vuosikausi lähin lista kohta yrittää mennä nukkua tietty kellonaika väsyttää tuho tuomittu yritys jälkeinen olotila hirvi,-1
mahtava nauttia hienostaa reissu,-1
v jäbä Oulu kysely,-1
mysteeri mielenkiintoinen outo yksityiskohta tuntua sopiva teoria löis pöytä löytävä juttu sopia,-1
psykosoosi tukea uskomus lähdekritiikki tosi tukea automaattiksesti valhe teoria muodostaa todistusaineisto ajatusmalli todistusaine valita teoria sopiva uskonto,-1
tilata sun kanava ekan,-1
Venäjä toiminta nykyinen näyttää Nato paluu rakkausun nöyristely myöntyväisyyspolitiikka Venäjä määritellä mieli pitää,-1
Afrikka kaivos demokratisten kapitalistinen omaisuus kaivos ratkaisu Afrikka köyhyys levottomuus,-1
ukraina haluta liittyä Nato syy Putin päättää puuttua,-1
oisko semmone tunnettu murhatapaus p oot para top kanava,-1
Unelma vaimomatsku ehdokas jok ikinen,-1
iso Britannia löydetty rantakäärme alalaji,-1
löytyis aikonut jäädä ottaa lista,-1
kannabis hoitaja tyhmä eivaa oot kannabis vertaistuki iha para addiktio tubettaja hoito,Masennus ja Hoito
Egypti Virta sihor Niili vrt Aamos moo,-1
kaveri tarina saada hengellinen seuraaja Robert zemeckisin elokuva catch,-1
kuultu juttu helvetti Varma Maa sisä löytyä tiedäkkään planeetta,-1
ku ton mitta viivottimella nii alempi iso,-1
hermukka tota miulla itellä v,-1
tukea saattaa tukea tukea ongelma syy oot ongelma keskustelu lapsi,Mielenterveys ja Sosiaalinen Eristäytyminen
kumisaapas itsestään selvä,-1
iku turso tuntea sota Jumala kuolema,-1
kuunnella käsitellä kulttuuri tapa suhtautua masennus,-1
petkuttaa manipulointi loismainen elämmäntyyli,-1
gran turismo sportissa ajaa,-1
hoito kuunnella oot ko lääkäri tukea psykoterapia neuvonta laskenu,Terapeutti ja Neuvonta
islamilainen pankki ottaa korko lainaama rahastaa maksa korko talletettu vara,-1
kato mun kommentti kommenttit,-1
michaelalexander turha psykoosi täälä ruveta tapaus väitelemään pelkotila uskoa valinta uskoa pelkotila usko ihminen maailma riitää uskoa maailma ihminen kuoltu psykoosi,Psykoosi ja Pelkotilat
tohon shambalaan pakko ottaa osata oiskohan shambala xibalba maya uskoa mut nimi vaa muutettu,-1
perkeleenpalvoja vihata totuus,-1
oho täs kyl tieto tuoda orja rakentanut pyramidejä pistää miettiä nimittäin meil lk lukea historiankirja rakentaa hassu oppikirja väärä tieto,-1
voldemortilta haluu ruoka luottaa suhun,-1
pitää huolia terveys huolehtia terveys säännöllinen liikunta terveellinen ruokavalio,-1
tehä äiti raketti suojeltu paikko sisko odotus ihminen lapsi isä perhe maailmanloppu,Perhe ja Väestö
outo viemärisukeltaja mies vertaistuki vetää umpitäysi tukkkeutuneessa pääviemäri sukelluspuku ilmapullo pää avata tuke ihminen suomi noi halaaja tuki perheenjäsen häävieras erikoistaa masennus esim Helsinki n tuki escort vertaistuki service firma hoitaa homma sä nuori viaton tietää,Masennus ja Hoito
maailmansota ikävä kysymys nykyään,-1
lapsi yrittää alakoulu helppo Varma kääntyä yläaste mennä tietää kiusata tyttö moti koulu kohta,-1
pyrkiä poi vanhoillsesta syöpä,-1
Ruth mun sisko,-1
tuoda f sarja monitoimi versio strike eagle nimi f e kyetä pommittaa tarve varustaa sniper niminen maalinosoitus kapseli säiliö nimi kuulostaa pitkä kantama laite verrratuna litening maalinosoitus säiliö c variantti eaglesta yksipaikkainen ilmaherruushävittäjä kanta ainoastaan ohjus,-1
luontainen assosiaatio sekoittua taipumus kokea turvallinen muistiaukko täyttää sellainen yksityiskohta ihminen tuntua uskova helppo esimerkki luke father osa ihminen tosiasia muistaa alkuperäinen kohtaus elokuva yksityiskohtainen täyttää käytetty ilmaisumuoto liittyvä muistiaukko meemi turvallinen suosittu,-1
mukava vaihtelu tämmöstä Rento kalastelu kiva katella tietää voittaa ois,-1
jee talo riittää lähiö,-1
tomtrusselmeansemptythreat deliverance real read bible,-1
kirjoa Google Google väärin päin elgoog löytää Google tekemä salaisuus,-1
YouTube suositus välilehti,-1
sota nii mielenterveys sairaala kinastella sairaala mielenterveys suunnitelma psykoosi pitää mielenterveys,Mielenterveys ja Psykoosi
vmakipelto paikallinen pirunpesä,-1
säkki suomalainen kanava tehnyt poistaa pari kanava mun mieli kova sääli kanava hieno sisältö,-1
tunturimies nissan qashqai,-1
wooooo Mäki Pello jes sitte eiku vaa nauttia,-1
mäkipelto queen julkas justiin champion raw versio freddie mercury laulaa loppu world,-1
yllättynyt maininnut kranaatinheitin amos järjestelmä pestä perinteinen kranaatinheitin suorituskyky vertais kumiritsa kivääri,-1
tukea ihminen Peru tuomita raamattu amerikkalainen populaarikulttuuri nuoruus naiviuden pilaama mieli huono jeesus totuus kasvatettu,Henkisyys ja Uskonto
sellainen kerto kauhu elo kuva esim tehty tehty kerto kauhu elokuva tartte tuoda,-1
ohittaa perhe korkea radioaktiivinen säteily taso paniikki perhe Mona viljaympyrä Pohja eritavalla poltettu taitettu perhe uskoa vilja polkea tutkia diagnoosi chilbolton crop circle,Skitsofrenia ja Harhaluulot
lapsi osa väkivalta väkivalta rikollinen mies väkivalta paeta Meksiko mies,Perhe ja Väestö
seuraava muinainen Egypti kirous arvoitus,-1
jenkki kellonaika yhdentää melkoinen jännä juna aikataulu pystyä lähteä klo tunti matka perillä seuraava kaupunki tunti päästä seuraava klo pm,-1
suomi liittymä Nato,-1
ootko pelannut overwatchia oot lempi hahmo,-1
ajatus herättää alkuräjähdys mielipide,-1
rakennus Lenin Stalin tavata ekaa nii nykyää Lenin museo,-1
musta oot aliarvostettu tubaaja vähä ansaita tilaaja,-1
siirty pimeä puoli,-1
täysi paska pelkkä raha lypsäämistä,-1
imenyt valhe sisus media roska pureskeltu mielihalu manson ystävä lynkata vapaus riistää laiton haistaa mäkipelto patakristitty,-1
erota suositella vilpitön kohta vakaumuksellinen syy koski raamattu sanoma läntinen kirkko toimittanut tiettävästi juuria Nikea riitely byzantin ortodoksi Etiopia kopti ortodoksi kirkko pysynyt kunnioitus totuus kohta Venäjä ortodoksi siunata ydinohjus tosi schema munkki slogan hiukka ankara otettu käyttö diktatuuri tupata lähteä pää olkapää välinen niinkuin tietää ken syy erottaa valtio,-1
suomi maailma para Maa,-1
Nato eun pointti alkaa,-1
Sofia Viikki kommentti luoda tosi kuvata sukupuoli lapsi uskoa mies nainen välinen suhde kuvata parisuhde muoto ylivoimainen yleinen nähdä kokea luomi tarvita lukea parisuhde muoto elämäntapa esim sinkkuus poissulkeva teksti edellyttää sellainen näkyä keskustelu luoda asetataan nainen mies myöhä vanha testamentti kertomus rakkaus esiintyä moniavioisuus mulla tausta teorioida keksiä selvittää raamattu teksti tarkalleen ottaa kuvata,Sukupuoli ja Parisuhde
tän enään kävellä koto tunttuu seura,-1
mää nostanut helvetinjärvi kansallispuisto helvetinkolu nähdä arvoinen paikka upea patikointireitti yöpymispaikka,-1
miettinyt ylipää homo sapiens riivata pitää sota vuosituhat pelkkä etu ajaa kyynerpäätaktiikalla mv ruma sana,-1
tykätä kova Ääninen sosiaalinen taito heikko,-1
salaisuus kiehtoa ihminen mielipide kertoma kraken mustekala nähnyt elokuva nimi sydän mekaniikka elokuva päähenkilö Jack syntyä kylmä Päivä jäätynyt sydän tila laittaa kello,-1
Mikael tankki vyöryä aita jokatapauksessa aita pitää rakentaa myöhäinen laiton maahantulijoiden suhde,-1
rikos asiallinen ostaa tieto poliisi tupakka sisältävä murha huume,Huumeet ja Rikollisuus
kiva malli pansarivaunuista lähettää ukraina,-1
toistaa tota alkuu,-1
tuoda ekanhan ongelma Apple myöntänyt yksinäisyys ongelma tosi vittu taka kahen sekunti päästä ku Apple tunne myöntänyt trauma hitto tyhmä ihminen,Mielenterveys ja Sosiaalinen Eristäytyminen
kumppani psyko toipua käynti lääke säätö oire takanapäin sairaala viettää viikko tsemppiä ongelma kamppaileva,-1
tapahtua lahti tori ilta,-1
Poe fall nousta julkisuus Max payne peli,-1
tuoda kummituslinna ois kaikist siisti,-1
musta kuollu ni Kekkonen tunnettu suomalainen,-1
ihminen mielyttävä tyylinen aijon masennus kannabis kasata vertaistuki raha saada kasa tuki kannabis,Masennus ja Hoito
avaruuslento tapaus mieli erikoinen uskomaton selviytymistarina matkustajalentokone lentää km korkeus mies laskuvarjo,-1
angry bird tän lista tietää etukäsi suomalainen tosi taitava luonut menestynyt jättää hitti videopeli,-1
nähnyt onnettomuus linnanmäki vanha rouva tekohammas pudota ajella kieputtimessa lapsenlapsi löytyä etsiä porukka,-1
marvinmarbles mielenkiintoinen tutkimuskohde spekuloima tosi tosi jännätä historiallinen tutkia,-1
epäironinen red dead redemption kuvastaa villi länsi huomata rockstar game perehtynyt historia peli tekohetki sellanen yksityiskohta villi länsi pidetty hyväksyttävä pitää lyhythihainen paita ulos liikkua suoja ihminen pitää järjestys sheriffi,-1
alexireiju arvuutelin kans tyhmä pää mut ollu kommasin,-1
maailma tunnettu illuusio,-1
Hitler kertoa jättää jutku henki tuutte nähdä niiiden pahuus,-1
ny käydä moka,-1
kieli tosi mielenkiintoisa kieli sana kirjoitettu kieli tarkoittaa hieno oppia lapsi ilmansuunta suuntavaisto pelais,-1
batman hieroja ois kova,-1
sul pitää tilaaja,-1
mielenkiintoisa käännettävä kirja luulla nykypäivä selvittää viestiä koodi robotiikka tekoäly,-1
opiskelija luku ottaa käynyt pari polku metsä kulkea nimetä kummitustie,-1
entä xxtentacion tietää elos kuollit,-1
käsittää rothesin kreivitär käydä kirjeenvaihto samainen matruusi luovuttanut pelastusvene päällikkyys William Jones,-1
nään katsoa kiero näkö sumentua,-1
ymmärtää ihminen häiritä ihminen yksityisyys ihminen henkilökohtainen elää pitää vaikuttaa ulkopuolinen elää ulkopuolinen yhteisö henkilökohtainen yksityisyys tärkeä ahdistua ymmärtää tarvita tilata ymmärtää kunnia,-1
angry birdsin tekijä muistaa myydä firma Japani ehto vero työpaikka suomi makso ilomieli miljardi vero saada koulutus,-1
timantti jatkaa rata vuo,-1
Kouvola suomi mystinen paikka kuulemma tapahtua,-1
raamattu kirjoitus tuomita ymmärrettävä tykätä,-1
tietää tuomita men ihminen totuus jumala yt laitto jumala llisi käynyt väkivalta,Henkisyys ja Uskonto
recep tayyip erdoan,-1
kokemus surkea tappaa saada tieto tyylinen tutkimus aihe kerto huomannut refleksi parantunu mieliala tosi alhaalla mennä peli pelata pääosa dota nukkua osata okein mitää kognitiivinen taito osa parantunut,-1
kakekellopeli kuolla miellummin kunnia pelkurimainen nonauraa ääneenla,-1
mukava yllätys tämmönen onni koti lykky harjoittelu katella,-1
ite nähdä bostromin juttu sellainen osoittaa solipsismin pystyä postuloima mahdoton kumota kumoamattomuus mahdottomuus tosi,-1
oot mieli kauas haettu tuoda vaikuttaa paholainen paha vallankäyttäjä märkä päiväuni,-1
p sun ääni sopia ala tykätä selittää monimutkainen jotenki tosi rauhallinen ymmärrettävä nii jatkaa ihme videoida,-1
onnettomuus sulle käydä sit,-1
viimelauantainen Meksiko jalkapallotrageidia,-1
Joseph Williams laulaa star war vi leffa jabban palatsi soiva discobiisin lapti nek,-1
taiteilija näkemys kirkko symboli maalata huomata kaheli käsi rakentanut,-1
mut loistava settii onni suomi,-1
ruokavarasto sija hankkia erilainen taito syötävä luonto kasvillisuus tuntemus,-1
mukava näköinen talo setuppi pakko myöntää sun lempi huone,-1
juhannus mua pelottaa isi saada juoda mua pelottaa tämmöset vahvistaa oikeesti rakastaa molempi vanha oo eronnut helppoo oo vetäytymä ero oo,-1
seuraabaksi peruttu Disney elokuva,-1
vois tosi tukea Ruotsi oire ehto pysyä Ruotsi suru puolustaa kokemus yhteinen Ahvenanmaa omituinen kokea kokemus viritys ahvenanmaalainen sana sanottava,Itsemurha ja Ahdistus
asu Kajaani muute Urho kekkonenki synty täälä,-1
sanois wwonline halflifee erilainen peli oo vastaava,-1
tossa Ruusu kuva Valkonen Ruusu lehti väritty vihreä,-1
perunagrowtopia häipyä sitye,-1
vaikuttaa hauska olisko seuraava pippurihaaste,-1
raamattu kirjattu tapa ihminen kirjoittaa ymmärtänyt evoluutio maailmankaikkeus,-1
lahti suomi Chicago,-1
syödä keppeja jäkälä sammal nielassu kivi,-1
yt valitettava oikeessa kommentti,-1
jahseh onfroy seuraavaks,-1
riittää tonni opiskelulaina kuukausi e vuokrata Varma abouttia samanlainen summa ruoka tiukilla elellä suomi tonni opiskelija työtön saada reipas tarvi sentään maksa taata,-1
täsmentää suka väittää rikollinen toiminta liittyvä yksinkertainen onnettomuus,-1
Venäjä pitäis tietää Moskova jäätyä aste pakkanen murskata kaasujärjestelmä e,-1
uskoa puutin käyttää ydinase tuhoisa poikia todennäköinen maailma sota,-1
skenaario tapahtua ainoastaan,-1
oot päällikkö fakta maaiilmasta,-1
vittu tykätä nuista ennuste,-1
kysyä dikiaika hallita esim haukkuva koira jäädä omistaja työaika,-1
juuria korona kuolema laskea kolari kuollut pvä positiivinen saati saada rokote tieto kohta käydä täysi epäonnistua uskaltaa myöntää tämänhetkinen tutkimus rokotettu sairastella kova luonnollinen hankittu vastustuskyky,-1
pexster ekana mieli Timo Jutila ura loppu Pohja työkkärin lista raha aktiivi ura tienannut milkyllänia onni päässyt nousu tällainen tapaus yllättävä surullinen,-1
mua pistänyt niska ampiainen mehiläimen,-1
olis suomi sisävesi laivaonnettomuus,-1
ofcutiegoddess Wikipedia centraliasta otettu malli elokuva kalskahtaa korva periaate turha peli antanut sisältö elokuva,-1
verrata Amerikka paniikki super tuntea päihde huono sairaala ehdokkathan mielenterveys päihde,Mielenterveys ja Psykoosi
kauhea aloitus tosi,-1
jonnajarvimaki koodijuttu kanava,-1
hmm pitäis Varma tehä matikka läksy,-1
finlandiaehdokkuus kirja syy linnanjuhla,-1
fyzzoh nokyllä kello kohta puol vii,-1
todeta elää suomalainen maapalnauraa ääneenla miljardi ihminen resurssi riittää typerä mieli verrata kulutus intialainen Maa talvi energia kulua lämmittää Maa reilu,-1
jusun muistaa äiti nibiru elämä törmänny saada Maa muisti lauantai niinku ennustaa maailmanloppu ihminen ennustettu milkyllänia kerto muistaa hengissä vieläki,Elämä ja Muistot
käsite kirjava tulkinta analysoida upea,-1
eläin elää ikuinen nessien lisääntyä tutkija terve kanta ylläpito tarvita yksilö järvi hirviö ikinä saada kunto todiste höpöhöpö juttu nessie mieli,-1
naurettava puhe sanottu tieto virheellinen valhe puhua teennäinen yrittää normaali,-1
toiminu tuoda korttitemppu,-1
vmakipelto kuva sana melkee ihmetellä itekki auuresti,-1
tieks oo Varma mut kumminkin ni rätti tenan inkotenssisuojat alunperä pikkiriikkisii kosteus eristei ni vuosikymmen tarpeisto tarve kavattaneet ajateltu muovi ongelma salko kolmituote puu metallipuoli johtaja Teppo sanonu tekstiilipuoli johtajattarel alettais salko valmistaan uusiotekstiilinen lumppuside vaipp,-1
oot mun lempi tubettaja,-1
Milla välisaari mikäs määräillä näkemys,-1
luulla Valta rikas ottaa rokote köyhä kärki rokote saanti taitaa teoria tipahtaa,-1
ruveta miettiä keksiä hattara hammaslääkäri sais potilas fyrkkaa,-1
kohassa mua Alko itkettää mulla kaks marsu nazo dumbo,-1
asiallinen infomatiivisesta j hand pink waving reaktionopeus,-1
tietää ton ihminen Jupiter mieli tuntea skitsofrenia lääke juttu psykoottinen,Mielenterveys ja Psykoosi
vahva mieli noi olis ihmissalakuljettaja roudaa raja vahva epäilys Venäjä valtio roudaa raja ongelma tietää oikeesti pakolainen dumpata vankila tmv väki suomi,-1
tietty saada muistaa muistaa käyty muistaa syväluotaava elämä iso mieli saada mut tieto,Elämä ja Muistot
mustamamba myrkky ld,-1
uskoa ikinä ihminen kyetä Rauha viisaus tapahtua,-1
kiinnostava aihe raamattu annunakit vanha testamentti lukuisa aihe kiinnostaa kova,-1
pakko myöntää osata tehä tosi jatkaa malli,-1
mun vanha hoitaa huono ero ilheittamisen tunne kesä alottanu kesätyöpaikka yhtenä Päivä mulle eronnut harkinta kulunut kuukausi mua nuori sisko kerrottu mulle käsitelty enempi Varma tunne ihminen ajatella pärjätä v ero mulle puska vanha riidellyt lapsi häirintä kuulla sellanen tuntea pysynyt mun mun sisko oikeesti erottaa äiti mulle tän tunne kaltainen häirintä lipsauttaa helppo ku ootte vanha sattu ero onneks draama väli,Julkisuus ja Empatia
valitettava ääni hukata hallapaska päästä kierokselle jakaa kansa,-1
mahtava pystynyt toteuttaa tämmöinen mielipide jakava aihe keskilinja kertomus puhuma aihe vastata pitää tuoda toivoa hetki epidemia lääke vastaava kooste aikainen sellainen tieto alkaa muodostua Puola,-1
Stephen King kirjoittaa novelli apina tuollainen karmistuksesta,-1
teeks jeggi vibeon,-1
vanha ruveta kirja nykyään ruveta äänikirja maailma muuttunut tekniikka eteenpäin,-1
ajattelinki mennä hiihtää,-1
elämä pääsykoe ikuinen elää luoja psykologia opiskelu heikentää mahdollisuus läpäistä pääsykoe ihminen n kirjanoppinut kirjaviisas raamattu kehoittaa luottaa Jumala psykologi Pohja oppia tutkia,-1
vidi kiinnostunut mustata magia voodoo taruolento hypnoosi,-1
tuoda mun äiti käydä lauantai koulu,-1
yksinäisyys ongelma keskustelu final fantasy netti upee peli keskustelu adhd,Mielenterveys ja Sosiaalinen Eristäytyminen
miettinyt ukraina sota johtaa suomi Nato ratkaisu,-1
arvokas asiallinen tieto työskennelty pandemia parissa Päivä alkaa kertoa seurannut korona vaikutus ihminen julkinen terveydenhuolto uskoa poispääsy rokotekattavuus ottanut rokote onni rokotus kattavuus täysikäinen osa,-1
tilata sun kanava pressavideosarjan innoittmana,-1
kohta Posio perä Posio mun suku asua siel läheinen paikka oisin halunnu kuu fakta,-1
kyseinen tapaus kertoa illumatumin Valta alue lapsi tutkittu leikata lääkäri poliisi oikeus laitos asettaa uhri vankila,-1
jee ee tietää Raahe suomi,-1
p voiks tehä kellokoski,-1
sairaus konversiohäiriö kuuluu dissosiaatiohäiriöihin mainittu,-1
sairastaa luoja väkivalta diagnosoitu uskoa väkivalta mihkää muuhunkaa skitsofrenia ällööö,Skitsofrenia ja Harhaluulot
tuoda Viljami mun kaukainen sukulainen,-1
kaunis metsä suomi sienestämispaikka mennä Sipoonkorpi lampaankääpä,-1
riippua totuus sielu tukea tarkoittaa sielu tarkoittaa keho irrallaan jumala erillinen kokonaisuus uskoa viitata ihminen tietoisuus tukea keho emergentti jumala ominaisuus itsetunto uskoa,Henkisyys ja Uskonto
pitkä katseltu sun todentua kirkain tähti tubettajissa p katsoa mun kanava crime born dying mies bändi,-1
päihde päihde tylsä sairaala sit kadonnut kaupunki löytyä mielenterveys nii jengi psykoottinen sairaala sekoo,Mielenterveys ja Psykoosi
todellisuus pudottaa f poi lista pystyä suora laskeutua syödä kone väkisin ominaisuus,-1
avata uskomaton silmä todennäköinen älyllinen elämä planeetta bookbeat saada tilaaja kyseinen kirja kuuntelu välitön,-1
kannattanut laittaa varotus harjotusten tuleva unihalvaus,-1
Urho Airi somersalmen kansallisteatteri näyttämö lapa pukuhuone nähty MM Ida Ahlberg Kaarlo Bergholm Jalmari rinne haamu,-1
suomi Ruotsi historia koulukertaus WWW YouTube com watch v zymsp vkws,-1
helvetti lautapeli hauska lauantai ilta viihde,-1
slenderman saada Kai alku pitää editoida pelottava hahmo nimi yms Kai,-1
kolminaisuus olemas raamatus mut lisätty kohta virhe,-1
ihminen itsetutkiskelu hoito biologia apua suoma ominaisuus suosia omanlainen selviytymismekanismi neuvonta kuunnella neuvonta,Terapeutti ja Neuvonta
valaa mun elämä paljo nähdä tosi vaivata tän tekemisee oo upee ansaita paaljon tilaaja,-1
keräys suurimmaks osaks johtaja lompakko kehitys Maa suomi arvella näköjää pitää paikka vika surullinen katseltava,-1
pysyä kartta mielenterveysongelma tukea terapia fakta oot tukea tunne ihminen tehny tuu,Mielenterveys ja Terapia
Muonio mainittu kirkonkylä tavata,-1
einolevnad erä sellasta suhde kutsu puhua suhde siks siisti pitää seurustella tuttu esim yläaste,-1
päihde päihde tylsä sairaala sit kadonnut kaupunki löytyä mielenterveys nii jengi psykoottinen sairaala sekoo,Mielenterveys ja Psykoosi
